"Designator","Footprint","Mid X","Mid Y","Ref X","Ref Y","Pad X","Pad Y","Layer","Rotation","Comment"
""
"LCD","HDR1X8","339.979mm","238.252mm","339.979mm","229.362mm","339.979mm","229.362mm","T","90.00","Header 8"
"U44","SO-8N","377.146mm","166.99mm","374.396mm","168.91mm","374.396mm","168.91mm","T","0.00","SP3485"
"R102","0603","382.289mm","163.227mm","382.397mm","161.671mm","382.289mm","164.027mm","T","180.00","NULL"
"R101","0603","382.289mm","170.783mm","382.181mm","172.339mm","382.289mm","169.983mm","T","360.00","NULL"
"R100","0603","382.289mm","167.037mm","382.397mm","165.481mm","382.289mm","167.837mm","T","180.00","120"
"J1","DSUB1.385-2H9","388.264mm","165.481mm","397.764mm","165.481mm","386.844mm","171.021mm","T","270.00","USART"
"C29","0603","379.063mm","171.596mm","380.619mm","171.704mm","378.263mm","171.596mm","T","270.00","100nF"
"R91","0603","230.918mm","149.333mm","229.362mm","149.225mm","231.718mm","149.333mm","T","90.00","Res1"
"R90","0603","230.918mm","147.174mm","229.362mm","147.066mm","231.718mm","147.174mm","T","90.00","Res1"
"C56","0805","312.293mm","293.37mm","312.293mm","294.513mm","312.293mm","292.227mm","T","270.00","1uF"
"C55","6032_POL","308.6956mm","292.0424mm","308.737mm","292.1mm","308.6956mm","289.5624mm","T","270.00","10uF"
"C54","cap_pol_8*10.2","300.4893mm","294.6388mm","300.482mm","294.64mm","297.0393mm","294.6388mm","T","0.00","47uF,50V"
"C53","cap_pol_8*10.2","268.8663mm","294.6388mm","268.859mm","294.64mm","265.4163mm","294.6388mm","T","0.00","47uF"
"C52","cap_pol_8*10.2","225.4323mm","294.6388mm","225.425mm","294.64mm","221.9823mm","294.6388mm","T","0.00","47uF"
"Q13","SOT-23","252.1021mm","231.9085mm","250.063mm","229.743mm","253.1181mm","230.956mm","T","90.00","NUD3112"
"K1","Relay_OMRON5V","242.824mm","227.33mm","247.904mm","229.87mm","247.904mm","229.87mm","T","270.00","Relay"
"Q12","SOT-23","252.1021mm","160.7885mm","250.063mm","158.623mm","253.1181mm","159.836mm","T","90.00","NUD3112"
"Q11","SOT-23","252.1021mm","169.9325mm","250.063mm","167.767mm","253.1181mm","168.98mm","T","90.00","NUD3112"
"Q10","SOT-23","252.1021mm","178.6955mm","250.063mm","176.53mm","253.1181mm","177.743mm","T","90.00","NUD3112"
"Q9","SOT-23","252.1021mm","187.4585mm","250.063mm","185.293mm","253.1181mm","186.506mm","T","90.00","NUD3112"
"R50","0805","233.426mm","236.347mm","234.569mm","236.347mm","232.283mm","236.347mm","T","180.00","Res1"
"R49","0805","233.426mm","165.227mm","234.569mm","165.227mm","232.283mm","165.227mm","T","180.00","Res1"
"R48","0805","233.426mm","174.371mm","234.569mm","174.371mm","232.283mm","174.371mm","T","180.00","Res1"
"R47","0805","233.426mm","183.007mm","234.569mm","183.007mm","232.283mm","183.007mm","T","180.00","Res1"
"R46","0805","233.426mm","191.897mm","234.569mm","191.897mm","232.283mm","191.897mm","T","180.00","1M"
"K13","Relay_OMRON5V","242.824mm","236.347mm","247.904mm","238.887mm","247.904mm","238.887mm","T","270.00","Relay"
"K12","Relay_OMRON5V","242.824mm","165.354mm","247.904mm","167.894mm","247.904mm","167.894mm","T","270.00","Relay"
"K11","Relay_OMRON5V","242.824mm","174.371mm","247.904mm","176.911mm","247.904mm","176.911mm","T","270.00","Relay"
"K10","Relay_OMRON5V","242.824mm","183.007mm","247.904mm","185.547mm","247.904mm","185.547mm","T","270.00","Relay"
"K9","Relay_OMRON5V","242.824mm","191.77mm","247.904mm","194.31mm","247.904mm","194.31mm","T","270.00","Relay"
"C104","0805","233.42mm","233.788mm","232.277mm","233.788mm","234.563mm","233.788mm","T","360.00","100pF"
"C103","0805","233.426mm","162.687mm","232.283mm","162.687mm","234.569mm","162.687mm","T","360.00","NULL"
"C102","0805","233.426mm","171.831mm","232.283mm","171.831mm","234.569mm","171.831mm","T","360.00","NULL"
"C101","0805","233.426mm","180.467mm","232.283mm","180.467mm","234.569mm","180.467mm","T","360.00","NULL"
"C100","0805","233.426mm","189.23mm","232.283mm","189.23mm","234.569mm","189.23mm","T","360.00","0.5pF"
"C92","0805","213.868mm","206.629mm","213.868mm","207.772mm","213.868mm","205.486mm","T","270.00","100nF"
"C91","0805","290.576mm","148.59mm","290.576mm","149.733mm","290.576mm","147.447mm","T","270.00","100nF"
"C30","0805","211.455mm","211.201mm","212.598mm","211.201mm","210.312mm","211.201mm","T","180.00","100nF"
"C31","0805","219.583mm","211.201mm","218.44mm","211.201mm","220.726mm","211.201mm","T","360.00","100nF"
"C32","6032_POL","260.6454mm","292.0306mm","260.604mm","291.973mm","260.6454mm","294.5106mm","T","90.00","10uF"
"C33","0805","257.175mm","293.624mm","257.175mm","292.481mm","257.175mm","294.767mm","T","90.00","100nF"
"C34","0805","298.577mm","201.803mm","297.434mm","201.803mm","299.72mm","201.803mm","T","360.00","100nF"
"C35","6032_POL","290.7606mm","201.7616mm","290.703mm","201.803mm","293.2406mm","201.7616mm","T","360.00","10uF"
"C36","0805","298.577mm","212.09mm","297.434mm","212.09mm","299.72mm","212.09mm","T","360.00","100nF"
"C37","6032_POL","291.1416mm","211.9216mm","291.084mm","211.963mm","293.6216mm","211.9216mm","T","360.00","10uF"
"C38","0805","211.074mm","252.095mm","212.217mm","252.095mm","209.931mm","252.095mm","T","180.00","100pF"
"C39","0805","211.074mm","225.806mm","212.217mm","225.806mm","209.931mm","225.806mm","T","180.00","100pF"
"C40","0805","211.201mm","193.675mm","212.344mm","193.675mm","210.058mm","193.675mm","T","180.00","100pF"
"C41","0805","211.201mm","171.958mm","210.058mm","171.958mm","212.344mm","171.958mm","T","360.00","100pF"
"C42","0805","220.98mm","226.314mm","222.123mm","226.314mm","219.837mm","226.314mm","T","180.00","100nF"
"C43","6032_POL","219.6406mm","229.7016mm","219.583mm","229.743mm","222.1206mm","229.7016mm","T","360.00","10uF"
"C44","0805","217.678mm","217.932mm","216.535mm","217.932mm","218.821mm","217.932mm","T","360.00","100nF"
"C45","6032_POL","219.2596mm","214.4616mm","219.202mm","214.503mm","221.7396mm","214.4616mm","T","360.00","10uF"
"C46","0805","220.472mm","194.818mm","221.615mm","194.818mm","219.329mm","194.818mm","T","180.00","100nF"
"C47","6032_POL","219.6406mm","198.2056mm","219.583mm","198.247mm","222.1206mm","198.2056mm","T","360.00","10uF"
"C48","0805","217.551mm","186.055mm","216.408mm","186.055mm","218.694mm","186.055mm","T","360.00","100nF"
"C49","6032_POL","219.2596mm","182.5846mm","219.202mm","182.626mm","221.7396mm","182.5846mm","T","360.00","10uF"
"C50","0805","237.236mm","293.497mm","237.236mm","292.354mm","237.236mm","294.64mm","T","90.00","100nF"
"C51","6032_POL","233.8926mm","292.1694mm","233.934mm","292.227mm","233.8926mm","289.6894mm","T","270.00","10uF"
"C57","0805","349.377mm","229.616mm","350.52mm","229.616mm","348.234mm","229.616mm","T","180.00","100nF"
"C58","0805","349.377mm","232.41mm","350.52mm","232.41mm","348.234mm","232.41mm","T","180.00","1uF"
"C59","6032_POL","347.7836mm","235.7976mm","347.726mm","235.839mm","350.2636mm","235.7976mm","T","360.00","10uF"
"C60","6032_POL","336.3374mm","292.0306mm","336.296mm","291.973mm","336.3374mm","294.5106mm","T","90.00","10uF"
"C61","cap_pol_8*10.2","344.4313mm","294.5118mm","344.424mm","294.513mm","340.9813mm","294.5118mm","T","360.00","47uF,50V"
"C62","0805","332.867mm","293.497mm","332.867mm","294.64mm","332.867mm","292.354mm","T","270.00","1uF"
"C63","0805","233.477mm","224.663mm","232.334mm","224.663mm","234.62mm","224.663mm","T","360.00","47pF"
"C64","0805","233.426mm","215.773mm","232.283mm","215.773mm","234.569mm","215.773mm","T","360.00","10pF"
"C65","0805","233.477mm","206.9129mm","232.334mm","206.9129mm","234.62mm","206.9129mm","T","360.00","5pF"
"C66","0805","233.426mm","198.12mm","232.283mm","198.12mm","234.569mm","198.12mm","T","360.00","1pF"
"C71","0603","287.052mm","207.118mm","285.496mm","207.01mm","287.852mm","207.118mm","T","90.00","100nF"
"C72","0603","287.052mm","204.705mm","285.496mm","204.597mm","287.852mm","204.705mm","T","90.00","100nF"
"C73","0603","287.052mm","219.31mm","285.496mm","219.202mm","287.852mm","219.31mm","T","90.00","100nF"
"C74","0603","287.052mm","217.278mm","285.496mm","217.17mm","287.852mm","217.278mm","T","90.00","100nF"
"C75","0603","287.052mm","214.865mm","285.496mm","214.757mm","287.852mm","214.865mm","T","90.00","100nF"
"C76","0603","287.052mm","209.15mm","285.496mm","209.042mm","287.852mm","209.15mm","T","90.00","100nF"
"C77","0805","315.087mm","150.114mm","313.944mm","150.114mm","316.23mm","150.114mm","T","360.00","100nF"
"DL","USBmicro_B","393.053mm","244.741mm","395.732mm","244.983mm","393.053mm","243.441mm","T","270.00","USB_5pin"
"DRAIN","SMA_SMT","188.595mm","274.8498mm","188.595mm","274.945mm","188.595mm","274.8498mm","T","90.00","SMA"
"GATE","SMA_SMT","188.595mm","194.8498mm","188.595mm","194.945mm","188.595mm","194.8498mm","T","90.00","SMA"
"SUB","SMA_SMT","188.595mm","234.8498mm","188.595mm","234.945mm","188.595mm","234.8498mm","T","90.00","SMA"
"K2","Relay_OMRON5V","242.824mm","218.44mm","247.904mm","220.98mm","247.904mm","220.98mm","T","270.00","Relay"
"K3","Relay_OMRON5V","242.824mm","209.55mm","247.904mm","212.09mm","247.904mm","212.09mm","T","270.00","Relay"
"K4","Relay_OMRON5V","242.824mm","200.66mm","247.904mm","203.2mm","247.904mm","203.2mm","T","270.00","Relay"
"L1","0805","378.46mm","224.536mm","377.317mm","224.536mm","379.603mm","224.536mm","T","360.00","10uH"
"L3","1206","318.265mm","156.464mm","316.865mm","156.464mm","316.865mm","156.464mm","T","360.00","10uH"
"PWR_5V","PWR_3T","322.754mm","294.513mm","317.754mm","294.513mm","317.754mm","294.513mm","T","90.00","Header 3"
"PWR_20V","PWR_3T","247.57mm","294.767mm","242.57mm","294.767mm","242.57mm","294.767mm","T","90.00","Header 3"
"Q1","SOT-23","252.1021mm","222.7645mm","250.063mm","220.599mm","253.1181mm","221.812mm","T","90.00","NUD3112"
"Q2","SOT-23","252.1021mm","214.0015mm","250.063mm","211.836mm","253.1181mm","213.049mm","T","90.00","NUD3112"
"Q3","SOT-23","252.1021mm","205.1115mm","250.063mm","202.946mm","253.1181mm","204.159mm","T","90.00","NUD3112"
"Q4","SOT-23","252.1021mm","196.0945mm","250.063mm","193.929mm","253.1181mm","195.142mm","T","90.00","NUD3112"
"R4","0805","233.426mm","227.33mm","234.569mm","227.33mm","232.283mm","227.33mm","T","180.00","Res1"
"R5","0805","233.426mm","218.44mm","234.569mm","218.44mm","232.283mm","218.44mm","T","180.00","Res1"
"R6","0805","233.426mm","209.55mm","234.569mm","209.55mm","232.283mm","209.55mm","T","180.00","Res1"
"R7","0805","233.426mm","200.66mm","234.569mm","200.66mm","232.283mm","200.66mm","T","180.00","100K"
"R14","0805","211.201mm","196.469mm","210.058mm","196.469mm","212.344mm","196.469mm","T","360.00","5.1K"
"R15","0805","211.201mm","191.008mm","212.344mm","191.008mm","210.058mm","191.008mm","T","180.00","51K"
"R16","0805","211.201mm","185.674mm","212.344mm","185.674mm","210.058mm","185.674mm","T","180.00","5.1K"
"R17","0805","211.201mm","188.341mm","212.344mm","188.341mm","210.058mm","188.341mm","T","180.00","51K"
"R18","0805","211.201mm","174.752mm","210.058mm","174.752mm","212.344mm","174.752mm","T","360.00","5.1K"
"R19","0805","211.201mm","169.164mm","212.344mm","169.164mm","210.058mm","169.164mm","T","180.00","51K"
"R20","0805","211.074mm","222.885mm","212.217mm","222.885mm","209.931mm","222.885mm","T","180.00","51K"
"R21","0805","211.074mm","228.6mm","209.931mm","228.6mm","212.217mm","228.6mm","T","360.00","5.1K"
"R22","0805","211.074mm","217.043mm","212.217mm","217.043mm","209.931mm","217.043mm","T","180.00","5.1K"
"R23","0805","211.074mm","219.9323mm","212.217mm","219.9323mm","209.931mm","219.9323mm","T","180.00","51K"
"R24","0805","211.074mm","255.143mm","209.931mm","255.143mm","212.217mm","255.143mm","T","360.00","5.1K"
"R25","0805","211.074mm","249.428mm","212.217mm","249.428mm","209.931mm","249.428mm","T","180.00","51K"
"R40","0402","379.3867mm","217.7791mm","376.682mm","217.678mm","379.933mm","217.779mm","T","90.00","22R"
"R41","0402","379.3867mm","219.811mm","376.682mm","219.71mm","379.933mm","219.811mm","T","90.00","22R"
"R42","0402","377.089mm","220.3827mm","377.19mm","217.678mm","377.089mm","220.929mm","T","180.00","1.5K"
"U1","LQFP64_N","350.6908mm","177.2015mm","350.52mm","177.165mm","354.4408mm","182.7515mm","T","90.00","STM32F103RET6"
"U2","SOT-23-5","356.003mm","231.439mm","355.854mm","231.394mm","354.653mm","232.389mm","T","270.00","RT9193"
"U3","TSSOP16","295.07mm","206.675mm","292.1mm","208.915mm","292.1mm","208.915mm","T","0.00","AD5687R"
"U4","TSSOP16","295.09mm","216.855mm","292.12mm","219.095mm","292.12mm","219.095mm","T","0.00","AD5687R"
"U5","SO-8N","285.833mm","150.226mm","283.083mm","152.146mm","283.083mm","152.146mm","T","360.00","ADR441"
"U6","SOT-23-5","293.796mm","148.187mm","293.751mm","148.336mm","294.746mm","149.537mm","T","180.00","AD8601"
"U7","MSOP10","309.134mm","148.225mm","306.959mm","149.225mm","306.959mm","149.225mm","T","360.00","AD7988-1"
"U19","SO-8N","218.865mm","207.152mm","221.615mm","205.232mm","221.615mm","205.232mm","T","180.00","ADR441"
"U22","SO-8N","218.865mm","190.485mm","216.115mm","192.405mm","216.115mm","192.405mm","T","0.00","ADA4522-2"
"U23","SO-8N","219.285mm","222.108mm","216.535mm","224.028mm","216.535mm","224.028mm","T","0.00","ADA4522-2"
"U24","SO-8N","235.473mm","152.102mm","233.553mm","149.352mm","233.553mm","149.352mm","T","90.00","ADA5430"
"U26","SOT-23-5","211.029mm","207.667mm","211.074mm","207.518mm","210.079mm","206.317mm","T","360.00","AD8601"
"USB","USB_A","387.4102mm","218.9248mm","391.16mm","219.837mm","385.8862mm","215.2418mm","T","0.00","USB"
"X1","8Mhz_XTAL","353.511mm","192.913mm","354.711mm","192.913mm","354.711mm","192.913mm","T","180.00","8M smd"
"R34","0805","211.201mm","163.576mm","212.344mm","163.576mm","210.058mm","163.576mm","T","180.00","5.1K"
"R35","0805","211.201mm","166.37mm","212.344mm","166.37mm","210.058mm","166.37mm","T","180.00","51K"
"R36","0805","211.074mm","244.094mm","212.217mm","244.094mm","209.931mm","244.094mm","T","180.00","5.1K"
"R37","0805","211.074mm","246.761mm","212.217mm","246.761mm","209.931mm","246.761mm","T","180.00","51K"
"R8","0603","240.76mm","156.991mm","242.316mm","157.099mm","239.96mm","156.991mm","T","270.00","0R"
"C1","0603","348.38mm","187.992mm","348.488mm","186.436mm","348.38mm","188.792mm","T","180.00","100nF"
"C2","0603","340.963mm","180.359mm","342.519mm","180.467mm","340.163mm","180.359mm","T","270.00","100nF"
"C3","0603","358.807mm","182.099mm","357.251mm","181.991mm","359.607mm","182.099mm","T","90.00","100nF"
"C4","0603","358.032mm","186.595mm","358.14mm","185.039mm","358.032mm","187.395mm","T","180.00","100nF"
"C5","0603","355.2mm","167.862mm","355.092mm","169.418mm","355.2mm","167.062mm","T","0.00","100nF"
"C6","0603","340.963mm","171.215mm","342.519mm","171.323mm","340.163mm","171.215mm","T","270.00","1uF"
"R1","0603","352.19mm","189.389mm","352.298mm","187.833mm","352.19mm","190.189mm","T","180.00","100R"
"R2","0603","363.442mm","180.105mm","364.998mm","180.213mm","362.642mm","180.105mm","T","270.00","10K"
"C22","0603","356.584mm","233.953mm","358.14mm","234.061mm","355.784mm","233.953mm","T","270.00","1uF"
"C21","0603","356.584mm","228.492mm","358.14mm","228.6mm","355.784mm","228.492mm","T","270.00","22nF"
"L2","8040","349.758mm","241.268mm","349.758mm","239.268mm","349.758mm","243.268mm","T","360.00","Bead"
"C78","0603","240.265mm","154.019mm","240.157mm","155.575mm","240.265mm","153.219mm","T","360.00","100nF"
"C79","0603","240.303mm","150.146mm","240.411mm","148.59mm","240.303mm","150.946mm","T","180.00","100nF"
"C82","0603","297.593mm","146.666mm","296.037mm","146.558mm","298.393mm","146.666mm","T","90.00","100nF"
"C83","0805","280.797mm","149.86mm","280.797mm","151.003mm","280.797mm","148.717mm","T","270.00","100nF"
"C80","0603","303.943mm","146.285mm","302.387mm","146.177mm","304.743mm","146.285mm","T","90.00","22nF"
"C84","0805","267.335mm","153.416mm","266.192mm","153.416mm","268.478mm","153.416mm","T","360.00","100nF"
"C85","0805","255.016mm","150.495mm","255.016mm","151.638mm","255.016mm","149.352mm","T","270.00","100nF"
"C86","0603","273.907mm","153.689mm","275.463mm","153.797mm","273.107mm","153.689mm","T","270.00","100nF"
"R13","0603","303.879mm","148.228mm","305.435mm","148.336mm","303.079mm","148.228mm","T","270.00","100R"
"U8","RM-10","259.752mm","152.162mm","257.302mm","153.162mm","257.302mm","153.162mm","T","360.00","AD8253"
"U9","SOT_UJ6","273.518mm","150.0226mm","273.558mm","149.86mm","274.828mm","149.0726mm","T","90.00","ADR127-1.25"
"C89","0603","269.602mm","150.209mm","269.494mm","151.765mm","269.602mm","149.409mm","T","360.00","100nF"
"C90","0805","305.816mm","150.876mm","304.673mm","150.876mm","306.959mm","150.876mm","T","360.00","10uF"
"C110","0805","221.234mm","172.847mm","222.377mm","172.847mm","220.091mm","172.847mm","T","180.00","100nF"
"C111","6032_POL","219.6406mm","176.1076mm","219.583mm","176.149mm","222.1206mm","176.1076mm","T","360.00","Cap Pol1"
"C112","0805","218.313mm","164.465mm","217.17mm","164.465mm","219.456mm","164.465mm","T","360.00","100nF"
"C113","6032_POL","219.2596mm","161.1216mm","219.202mm","161.163mm","221.7396mm","161.1216mm","T","360.00","10uF"
"C114","0805","220.98mm","252.857mm","222.123mm","252.857mm","219.837mm","252.857mm","T","180.00","100nF"
"C115","6032_POL","219.6406mm","256.2446mm","219.583mm","256.286mm","222.1206mm","256.2446mm","T","360.00","Cap Pol1"
"C116","0805","217.678mm","244.094mm","216.535mm","244.094mm","218.821mm","244.094mm","T","360.00","100nF"
"C117","6032_POL","219.2596mm","240.7506mm","219.202mm","240.792mm","221.7396mm","240.7506mm","T","360.00","Cap Pol1"
"U29","SO-8N","219.92mm","168.641mm","217.17mm","170.561mm","217.17mm","170.561mm","T","0.00","ADA4522-2"
"U30","SO-8N","219.285mm","248.651mm","216.535mm","250.571mm","216.535mm","250.571mm","T","0.00","ADA4522-2"
"SOURCE","SMA_SMT","188.595mm","154.8498mm","188.595mm","154.945mm","188.595mm","154.8498mm","T","90.00","SMA"
"C118","0805","207.899mm","207.518mm","207.899mm","206.375mm","207.899mm","208.661mm","T","90.00","100nF"
"C120","0805","308.991mm","160.274mm","308.991mm","161.417mm","308.991mm","159.131mm","T","270.00","100nF"
"C122","0805","300.228mm","158.496mm","299.085mm","158.496mm","301.371mm","158.496mm","T","360.00","100nF"
"C124","0805","281.6744mm","168.656mm","282.8174mm","168.656mm","280.5314mm","168.656mm","T","180.00","100nF"
"C126","0805","280.289mm","160.147mm","279.146mm","160.147mm","281.432mm","160.147mm","T","360.00","100nF"
"C128","0603","287.941mm","168.637mm","286.385mm","168.529mm","288.741mm","168.637mm","T","90.00","10nF"
"C129","0805","294.894mm","168.148mm","293.751mm","168.148mm","296.037mm","168.148mm","T","360.00","100nF"
"C130","0805","294.894mm","158.496mm","293.751mm","158.496mm","296.037mm","158.496mm","T","360.00","100nF"
"C131","0603","299.434mm","168.167mm","300.99mm","168.275mm","298.634mm","168.167mm","T","270.00","1nF"
"C132","0805","281.813mm","185.674mm","282.956mm","185.674mm","280.67mm","185.674mm","T","180.00","100nF"
"C134","0805","280.289mm","177.165mm","279.146mm","177.165mm","281.432mm","177.165mm","T","360.00","100nF"
"C136","0805","294.005mm","185.039mm","292.862mm","185.039mm","295.148mm","185.039mm","T","360.00","100nF"
"C137","0805","295.021mm","175.768mm","293.878mm","175.768mm","296.164mm","175.768mm","T","360.00","100nF"
"C138","0603","299.434mm","185.058mm","300.99mm","185.166mm","298.634mm","185.058mm","T","270.00","1nF"
"C139","0805","300.355mm","176.657mm","299.212mm","176.657mm","301.498mm","176.657mm","T","360.00","100nF"
"C140","0805","308.991mm","178.689mm","308.991mm","179.832mm","308.991mm","177.546mm","T","270.00","100nF"
"C142","0603","287.889mm","185.274mm","286.333mm","185.166mm","288.689mm","185.274mm","T","90.00","10nF"
"C143","0805","281.686mm","252.603mm","282.829mm","252.603mm","280.543mm","252.603mm","T","180.00","100nF"
"C145","0805","280.162mm","244.475mm","279.019mm","244.475mm","281.305mm","244.475mm","T","360.00","100nF"
"C147","0805","294.386mm","252.603mm","293.243mm","252.603mm","295.529mm","252.603mm","T","360.00","100nF"
"C148","0805","294.894mm","243.586mm","293.751mm","243.586mm","296.037mm","243.586mm","T","360.00","100nF"
"C149","0603","299.18mm","252.749mm","300.736mm","252.857mm","298.38mm","252.749mm","T","270.00","1nF"
"C150","0805","300.101mm","244.348mm","298.958mm","244.348mm","301.244mm","244.348mm","T","360.00","100nF"
"C151","0805","308.991mm","245.999mm","308.991mm","247.142mm","308.991mm","244.856mm","T","270.00","100nF"
"C153","0805","281.686mm","232.664mm","282.829mm","232.664mm","280.543mm","232.664mm","T","180.00","100nF"
"C155","0805","280.162mm","224.028mm","279.019mm","224.028mm","281.305mm","224.028mm","T","360.00","100nF"
"C157","0805","293.878mm","232.156mm","292.735mm","232.156mm","295.021mm","232.156mm","T","360.00","100nF"
"C158","0603","288.068mm","252.965mm","286.512mm","252.857mm","288.868mm","252.965mm","T","90.00","10nF"
"C159","0603","288.016mm","232.518mm","286.46mm","232.41mm","288.816mm","232.518mm","T","90.00","10nF"
"C160","0805","295.021mm","222.758mm","293.878mm","222.758mm","296.164mm","222.758mm","T","360.00","100nF"
"C161","0603","299.18mm","232.175mm","300.736mm","232.283mm","298.38mm","232.175mm","T","270.00","1nF"
"C162","0805","300.077mm","223.496mm","298.934mm","223.496mm","301.22mm","223.496mm","T","360.00","100nF"
"C163","0805","308.991mm","225.171mm","308.991mm","226.314mm","308.991mm","224.028mm","T","270.00","100nF"
"K14","Relay_OMRON5V","265.43mm","163.449mm","262.89mm","168.529mm","262.89mm","168.529mm","T","0.00","Relay"
"K15","Relay_OMRON5V","265.43mm","180.467mm","262.89mm","185.547mm","262.89mm","185.547mm","T","0.00","Relay"
"K16","Relay_OMRON5V","265.43mm","248.285mm","262.89mm","253.365mm","262.89mm","253.365mm","T","0.00","Relay"
"K17","Relay_OMRON5V","265.43mm","227.965mm","262.89mm","233.045mm","262.89mm","233.045mm","T","0.00","Relay"
"R60","0603","276.3084mm","168.548mm","277.8644mm","168.656mm","275.5084mm","168.548mm","T","270.00","9.1K"
"R61","0603","276.3204mm","170.669mm","274.7644mm","170.561mm","277.1204mm","170.669mm","T","90.00","1K"
"R62","0603","287.929mm","162.579mm","289.485mm","162.687mm","287.129mm","162.579mm","T","270.00","1K"
"R63","0603","287.929mm","160.547mm","289.485mm","160.655mm","287.129mm","160.547mm","T","270.00","1K"
"R64","0603","287.941mm","164.573mm","286.385mm","164.465mm","288.741mm","164.573mm","T","90.00","1K"
"R65","0603","287.941mm","166.605mm","286.385mm","166.497mm","288.741mm","166.605mm","T","90.00","1K"
"R66","0603","299.446mm","166.097mm","297.89mm","165.989mm","300.246mm","166.097mm","T","90.00","2.2K"
"R67","0603","276.499mm","185.82mm","278.055mm","185.928mm","275.699mm","185.82mm","T","270.00","9.1K"
"R68","0603","276.511mm","187.941mm","274.955mm","187.833mm","277.311mm","187.941mm","T","90.00","1K"
"R69","0603","287.877mm","179.4923mm","289.433mm","179.6002mm","287.077mm","179.4923mm","T","270.00","1K"
"R70","0603","287.877mm","177.565mm","289.433mm","177.673mm","287.077mm","177.565mm","T","270.00","1K"
"R71","0603","287.889mm","181.4195mm","286.333mm","181.3115mm","288.689mm","181.4195mm","T","90.00","1K"
"R72","0603","287.889mm","183.3467mm","286.333mm","183.2388mm","288.689mm","183.3467mm","T","90.00","1K"
"R73","0603","299.446mm","182.988mm","297.89mm","182.88mm","300.246mm","182.988mm","T","90.00","2.2K"
"R74","0603","276.499mm","253.511mm","278.055mm","253.619mm","275.699mm","253.511mm","T","270.00","9.1K"
"R75","0603","276.511mm","255.759mm","274.955mm","255.651mm","277.311mm","255.759mm","T","90.00","1K"
"R76","0603","288.056mm","247.088mm","289.612mm","247.196mm","287.256mm","247.088mm","T","270.00","1K"
"R77","0603","288.056mm","245.129mm","289.612mm","245.237mm","287.256mm","245.129mm","T","270.00","1K"
"R78","0603","288.068mm","249.047mm","286.512mm","248.939mm","288.868mm","249.047mm","T","90.00","1K"
"R79","0603","288.068mm","251.006mm","286.512mm","250.898mm","288.868mm","251.006mm","T","90.00","1K"
"R80","0603","299.244mm","250.806mm","297.688mm","250.698mm","300.044mm","250.806mm","T","90.00","2.2K"
"R81","0603","276.574mm","233.064mm","278.13mm","233.172mm","275.774mm","233.064mm","T","270.00","9.1K"
"R82","0603","276.511mm","235.185mm","274.955mm","235.077mm","277.311mm","235.185mm","T","90.00","1K"
"R83","0603","288.004mm","226.4505mm","289.56mm","226.5585mm","287.204mm","226.4505mm","T","270.00","1K"
"R84","0603","288.004mm","224.428mm","289.56mm","224.536mm","287.204mm","224.428mm","T","270.00","1K"
"R85","0603","288.016mm","228.473mm","286.46mm","228.365mm","288.816mm","228.473mm","T","90.00","1K"
"R86","0603","288.016mm","230.4955mm","286.46mm","230.3875mm","288.816mm","230.4955mm","T","90.00","1K"
"R87","0603","299.192mm","230.232mm","297.636mm","230.124mm","299.992mm","230.232mm","T","90.00","2.2K"
"U32","SO-8N","280.1064mm","164.45mm","277.3564mm","166.37mm","277.3564mm","166.37mm","T","0.00","ADA4522-2"
"U33","SO-8N","293.834mm","163.18mm","291.084mm","165.1mm","291.084mm","165.1mm","T","0.00","AD4522-1"
"U34","RM-10","304.0634mm","161.56mm","301.6134mm","162.56mm","301.6134mm","162.56mm","T","360.00","AD7791"
"U35","SO-8N","280.118mm","181.341mm","277.368mm","183.261mm","277.368mm","183.261mm","T","0.00","ADA4522-2"
"U36","SO-8N","293.834mm","179.817mm","291.084mm","181.737mm","291.084mm","181.737mm","T","0.00","AD4522-1"
"U37","RM-10","304.075mm","179.848mm","301.625mm","180.848mm","301.625mm","180.848mm","T","360.00","AD7791"
"U38","SO-8N","280.118mm","248.397mm","277.368mm","250.317mm","277.368mm","250.317mm","T","0.00","ADA4522-2"
"U39","SO-8N","293.834mm","247.762mm","291.084mm","249.682mm","291.084mm","249.682mm","T","0.00","AD4522-1"
"U40","RM-10","304.075mm","247.285mm","301.625mm","248.285mm","301.625mm","248.285mm","T","360.00","AD7791"
"U41","SO-8N","280.118mm","228.458mm","277.368mm","230.378mm","277.368mm","230.378mm","T","0.00","ADA4522-2"
"U42","SO-8N","293.834mm","227.061mm","291.084mm","228.981mm","291.084mm","228.981mm","T","0.00","AD4522-1"
"U43","RM-10","304.051mm","226.433mm","301.601mm","227.433mm","301.601mm","227.433mm","T","360.00","AD7791"
"Q14","SOT-23","270.8865mm","165.9955mm","268.8474mm","163.83mm","271.9025mm","165.043mm","T","90.00","NUD3112"
"Q15","SOT-23","271.5331mm","182.8865mm","269.494mm","180.721mm","272.5491mm","181.934mm","T","90.00","NUD3112"
"Q16","SOT-23","271.5331mm","250.8315mm","269.494mm","248.666mm","272.5491mm","249.879mm","T","90.00","NUD3112"
"Q17","SOT-23","271.2791mm","230.5115mm","269.24mm","228.346mm","272.2951mm","229.559mm","T","90.00","NUD3112"
"LED","HDR1X3","188.468mm","286.512mm","188.468mm","289.052mm","188.468mm","289.052mm","T","270.00","Header 3"
"K18","AXICOM_IM06","196.7697mm","193.1582mm","196.596mm","192.532mm","199.7698mm","189.3582mm","T","90.00","AXICOM IM"
"K19","AXICOM_IM06","196.7697mm","233.2902mm","196.596mm","232.664mm","199.7698mm","229.4902mm","T","90.00","AXICOM IM"
"K20","AXICOM_IM06","196.7697mm","273.2952mm","196.596mm","272.669mm","199.7698mm","269.4952mm","T","90.00","AXICOM IM"
"Q18","SOT-23","193.8085mm","184.6509mm","191.643mm","186.69mm","192.856mm","183.6349mm","T","0.00","NUD3112"
"Q19","SOT-23","193.8085mm","224.7829mm","191.643mm","226.822mm","192.856mm","223.7669mm","T","0.00","NUD3112"
"Q20","SOT-23","193.8085mm","264.7879mm","191.643mm","266.827mm","192.856mm","263.7719mm","T","0.00","NUD3112"
"R92","0603","262.655mm","146.717mm","262.763mm","145.161mm","262.655mm","147.517mm","T","180.00","NULL"
"R93","0603","262.636mm","143.04mm","262.744mm","141.484mm","262.636mm","143.84mm","T","180.00","NULL"
"R94","0603","260.623mm","146.717mm","260.731mm","145.161mm","260.623mm","147.517mm","T","180.00","0R"
"R95","0603","260.604mm","143.04mm","260.712mm","141.484mm","260.604mm","143.84mm","T","180.00","0R"
"R96","0603","265.45mm","145.561mm","267.006mm","145.669mm","264.65mm","145.561mm","T","270.00","0R"
"R97","0603","265.462mm","147.555mm","263.906mm","147.447mm","266.262mm","147.555mm","T","90.00","NULL"
"R9","0603","246.92mm","153.524mm","245.364mm","153.416mm","247.72mm","153.524mm","T","90.00","1K"

